ref_response_question,avg_bleu,avg_meteor,avg_rouge1,avg_rouge2,avg_rougeL,num_samples
 is there anything else you would like to know to narrow down your options?,0.0660969322241336,0.1343648473303575,0.4186046511627906,0.097560975609756,0.2790697674418604,1
 will that be enough variety for you or would you like to look at some other options?,0.0208994102460842,0.0938321347808802,0.28,0.0,0.16,1
 would you like to book a reservation or explore other options?,0.0635511871430441,0.233275555063492,0.4390243902439024,0.1025641025641025,0.2926829268292683,1
 would you like to book a room there tonight?,0.098656375176912,0.1689390038766545,0.3529411764705882,0.1224489795918367,0.2745098039215686,1
 would you like to book a room?,0.0757573122515896,0.1254813670192153,0.3720930232558139,0.048780487804878,0.3255813953488372,1
 would you like to make a reservation?,0.044499459571707,0.2225651081367195,0.4390243902439024,0.1538461538461538,0.3902439024390244,1
anything else i can help you with?,0.0312848291226806,0.09840804034383985,0.29292929292929293,0.0476190476190476,0.24797979797979794,2
anything else you would like to know?,0.0204294603956849,0.1101108018231247,0.2083333333333333,0.0869565217391304,0.1666666666666666,1
anything else you'd like to know about the ashley hotel?,0.0450455673715365,0.1633460756241852,0.3,0.1052631578947368,0.25,1
anything else?,0.0307874605056233,0.1443960907108587,0.2448979591836734,0.0425531914893617,0.1632653061224489,1
are there any other questions about the guest house that i can answer for you?,0.0383034407596632,0.242786596204913,0.4888888888888889,0.1395348837209302,0.3111111111111111,1
are there any other questions i can help you with?,0.0489986450084787,0.1275139685950173,0.3111111111111111,0.0930232558139534,0.2666666666666666,1
are there any other questions that you have about the restaurant?,0.0393172611801817,0.1119183026217322,0.2857142857142857,0.0425531914893617,0.2040816326530612,1
are there any other questions you have about da vinci pizzeria?,0.071486836822818,0.2221923535183221,0.4081632653061225,0.0851063829787234,0.2040816326530612,1
are you interested in a booking?,0.0451670560886273,0.1175237983313843,0.2564102564102564,0.054054054054054,0.1538461538461538,1
"are you interested in a room, or should i search for a better value?",0.0180486957662998,0.0842930366830578,0.1481481481481481,0.0,0.1111111111111111,1
are you interested in a room?,0.1352328506650154,0.3057674300029216,0.4545454545454545,0.2857142857142857,0.4545454545454545,1
are you interested in booking a room for a day other than thursday?,0.081706211573643,0.205800774639721,0.4761904761904761,0.25,0.4285714285714286,1
are you interested in booking it?,0.1733705613469748,0.1811069808615452,0.4,0.2105263157894737,0.4,1
are you ready to book a reservation?,0.1075467277016126,0.1489714032190026,0.2727272727272727,0.1428571428571428,0.2727272727272727,1
can i answer any additional questions about the restaurant for you?,0.0226089144491383,0.0975193543890056,0.2272727272727272,0.0,0.1818181818181818,1
can i answer any additional questions before booking?,0.2297523682812302,0.2449571852296405,0.3999999999999999,0.2424242424242424,0.3999999999999999,1
can i answer any additional questions for you about this location?,0.0343581200245984,0.0899342673184947,0.1951219512195122,0.0,0.1463414634146341,1
can i answer any more questions about this location?,0.0246233736722218,0.1193445857528321,0.2564102564102564,0.054054054054054,0.2051282051282051,1
can i answer any more questions for you about rosa's?,0.041411413304848,0.1120406556790293,0.2325581395348837,0.0975609756097561,0.1395348837209302,1
can i answer any other questions before booking that for you?,0.083155412717869,0.1676260313741414,0.2941176470588235,0.125,0.2941176470588235,1
can i answer any other questions for you about the cambridge belfry?,0.0603147012428246,0.154173369408577,0.380952380952381,0.2,0.1904761904761905,1
can i answer any other questions for you about the guest house?,0.1040001624370609,0.1720203336506494,0.3902439024390244,0.1538461538461538,0.3414634146341463,1
can i answer any other questions for you today?,0.0467003108821962,0.1325388476192359,0.358974358974359,0.1081081081081081,0.3076923076923077,1
can i answer any other questions for you?,0.06360693631958379,0.16531996372372745,0.2945658424381829,0.10545808966861593,0.25335441824803523,3
can i answer any other questions you might have about the hotel?,0.023526224894879,0.1233581265973976,0.2857142857142856,0.05,0.1904761904761905,1
"can i answer any other questions, or should i go ahead and book it?",0.0225726640613837,0.1143191463016898,0.1463414634146341,0.0512820512820512,0.0975609756097561,1
can i answer anything else about eraina for you?,0.0185646705050784,0.1346178739505679,0.125,0.0434782608695652,0.125,1
can i answer anything else about the guest house?,0.0947299527881714,0.1717671123004862,0.391304347826087,0.1363636363636363,0.2608695652173913,1
can i answer anything else about the hotel for you?,0.10581903782678605,0.1886995443639263,0.36062717770034847,0.17628205128205127,0.2880371660859466,2
can i answer anything else about the nirala for you?,0.0378786561257948,0.1012325776280377,0.1428571428571428,0.0499999999999999,0.1428571428571428,1
can i answer anything else about the restaurant for you?,0.076600850660264,0.2192678830864327,0.4347826086956521,0.1363636363636363,0.2608695652173913,1
can i answer anything else about the restaurant or help you with another booking?,0.0535685092175657,0.1694637891839392,0.3111111111111111,0.0465116279069767,0.2666666666666666,1
can i answer anything else about this location?,0.013366097779404,0.1562008096942965,0.1967213114754098,0.0,0.1311475409836065,1
can i answer anything else for you or would you like to reserve it?,0.0363473661722895,0.1127200993292824,0.1395348837209302,0.048780487804878,0.1395348837209302,1
"can i answer anything else for you today, or make another reservation?",0.0698332529603442,0.0686916938741065,0.2702702702702702,0.0571428571428571,0.2162162162162162,1
can i answer anything else for you?,0.04081401407192014,0.1756560010335451,0.24662804895363033,0.062520325203252,0.192293494619076,3
can i answer anything else or book a table for you?,0.3255869746324956,0.2493090483096729,0.4545454545454545,0.3333333333333333,0.4545454545454545,1
can i answer anything else or shall i book a room for you?,0.063704052301618,0.1378001838144175,0.2127659574468085,0.0888888888888888,0.1702127659574468,1
can i answer anything else or shall i book it for you?,0.1405939132547921,0.2450116439103334,0.3333333333333333,0.1739130434782608,0.3333333333333333,1
can i answer anything else or would you like to book a room?,0.0783884484838866,0.2054274569652271,0.4390243902439024,0.2051282051282051,0.3902439024390244,1
can i answer anything else or would you like to book it?,0.0235731368424523,0.1585894891513111,0.1904761904761905,0.0,0.1428571428571428,1
"can i answer anything else, or shall i book you a room?",0.0217607479548767,0.0842250040753524,0.217391304347826,0.0,0.1739130434782608,1
"can i answer anything else, or shall i reserve a room for you?",0.0451670560886273,0.1722695543606674,0.2564102564102564,0.1081081081081081,0.2051282051282051,1
"can i answer anything else, or would you like to book it?",0.0547253838667333,0.1950786670051244,0.4782608695652174,0.2272727272727272,0.391304347826087,1
"can i answer anything else, or would you like to reserve a room?",0.0956907363681258,0.1211916651660552,0.2545454545454545,0.1132075471698113,0.2545454545454545,1
can i answer anything else?,0.07315351989417686,0.17800323472976168,0.27330505478967826,0.09599392855206805,0.199111582420172,5
can i book a room for you there?,0.0492467473444436,0.2237459424299011,0.2790697674418604,0.1463414634146341,0.1395348837209302,1
can i book you a room?,0.23006536127687416,0.2758210242531774,0.47529411764705876,0.26870748299319724,0.41607843137254896,2
can i check on room availability for you?,0.0840653637348273,0.1440292457845403,0.2564102564102564,0.1081081081081081,0.2051282051282051,1
can i get you any additional information about the acorn guest house?,0.106013174347812,0.2257481991874258,0.3181818181818182,0.1428571428571428,0.2272727272727273,1
can i go ahead and book it for you?,0.0927270289591707,0.2004680192705445,0.3243243243243243,0.1714285714285714,0.2702702702702702,1
can i help with anything else?,0.1393433938397919,0.2186001922518528,0.3999999999999999,0.2325581395348837,0.3999999999999999,1
can i help you answer any other questions about the establishment?,0.0364466708867988,0.1433977890046738,0.2439024390243902,0.1538461538461538,0.1463414634146341,1
can i help you with any other information today?,0.0225739430924201,0.1344457258019498,0.2978723404255319,0.0444444444444444,0.2127659574468085,1
can i help you with anything else today or answer anything else about the restaurant?,0.0194745336941834,0.0939401361856064,0.1538461538461538,0.0,0.1538461538461538,1
can i help you with anything else today?,0.04233190504754073,0.1728380177729115,0.24396344396344394,0.09566260612772241,0.2288119288119288,3
can i help you with anything else?,0.13009058332220047,0.20667937695353825,0.37644109461959285,0.1758132397348083,0.3250504446163531,15
can i make a reservation for you?,0.0432245464636959,0.2125521914814062,0.3999999999999999,0.0930232558139534,0.3111111111111111,1
can i provide you with any other information about alexander bed and breakfast?,0.0838729262182749,0.1910474643189446,0.3783783783783783,0.1666666666666666,0.2432432432432432,1
care to see them yourself?,0.0185432862130074,0.0797202797202797,0.2857142857142857,0.0,0.1632653061224489,1
could i be of further assistance?,0.0166220162534927,0.0787444635771546,0.2105263157894737,0.0,0.1403508771929824,1
could i book you a table?,0.1985082373906811,0.3204393448946417,0.5333333333333332,0.3720930232558139,0.4,1
could i help you with anything else?,0.041411413304848,0.1083693259159498,0.2105263157894737,0.0555555555555555,0.1578947368421052,1
do want to book a room?,0.0808842651231102,0.2376912219789311,0.5416666666666667,0.217391304347826,0.3333333333333333,1
do you have any other questions about bedouin?,0.0513666390950595,0.2349042507718136,0.3783783783783783,0.1142857142857142,0.2702702702702702,1
do you have any other questions about efes?,0.115297615804773,0.1494491540272072,0.3768115942028985,0.1492537313432835,0.3188405797101449,1
do you have any other questions about it?,0.0450455673715365,0.2104072256386112,0.3414634146341463,0.1538461538461538,0.2926829268292683,1
do you have any other questions about the ashley?,0.0941048995795163,0.2138806054273056,0.4090909090909091,0.1904761904761904,0.3181818181818182,1
do you have any other questions about the hotel?,0.0601555962485987,0.1561481429641134,0.2817715019255455,0.079059829059829,0.22913992297817715,2
do you have any other questions about the lensfield hotel?,0.0568267601159558,0.2027319940791301,0.3137254901960784,0.1632653061224489,0.196078431372549,1
do you have any other questions about the lensfield?,0.0365294577253626,0.1422719083208042,0.2916666666666667,0.0869565217391304,0.2083333333333333,1
do you have any other questions about the restaurant?,0.07270367106171252,0.18470126669976789,0.3205889516149176,0.11433818285551273,0.28472697524542245,4
do you have any other questions about this location?,0.0185960053168954,0.1434488747343444,0.2222222222222222,0.0,0.1333333333333333,1
do you have any other questions before booking?,0.0409570380667349,0.142857342338258,0.3999999999999999,0.1052631578947368,0.3,1
do you have any other questions for me?,0.0624370257109303,0.1942423331779064,0.4594594594594595,0.1111111111111111,0.2162162162162162,1
do you have any other questions i can answer for you?,0.0443618454908564,0.2148041009335361,0.5945945945945945,0.1714285714285714,0.4324324324324324,1
do you have any other questions that i can answer for you today?,0.0216196661897822,0.095021715554076,0.2727272727272727,0.0625,0.2121212121212121,1
do you have any other questions that i can help you with at this time?,0.0300112840616437,0.1248205328077619,0.2666666666666666,0.0344827586206896,0.2333333333333333,1
do you have any other questions?,0.040292454938496626,0.14932327463654596,0.29693971039736733,0.053585387837414344,0.199637043092218,14
do you need a quiet hotel?,0.0466804902309524,0.1569994233695764,0.32,0.0833333333333333,0.2,1
do you need any additional assistance?,0.0435265883976718,0.1774169712667249,0.3478260869565217,0.0909090909090909,0.2608695652173913,1
do you need any more information?,0.0537733638508063,0.183374881888627,0.4090909090909091,0.0952380952380952,0.3181818181818182,1
do you need any other information from me?,0.0426014673644179,0.1270298119324604,0.2666666666666666,0.0465116279069767,0.2222222222222222,1
do you need anymore information?,0.0165365275696098,0.0905391268501561,0.1739130434782608,0.0,0.1304347826086956,1
do you need anything else?,0.0580168256740631,0.1920965072687566,0.36919583431211334,0.1843957095033135,0.3230365672226137,3
do you need further information?,0.0349632214286455,0.1626672732015771,0.392156862745098,0.0408163265306122,0.2352941176470588,1
do you need my assistance with anything else?,0.0797019241232187,0.165731972216981,0.3243243243243243,0.1142857142857142,0.2702702702702702,1
do you need to know anything else?,0.0576981530926844,0.1579717302928556,0.30424242424242426,0.12499999999999996,0.26060606060606056,3
do you require anything else?,0.1243672208511698,0.1742919933857649,0.2424242424242424,0.064516129032258,0.2424242424242424,1
do you still want a reservation there?,0.0568267601159558,0.1844601786747323,0.2857142857142857,0.1111111111111111,0.2142857142857142,1
do you want a reservation there?,0.1275343138759482,0.2905462999612132,0.4782608695652173,0.2272727272727273,0.391304347826087,1
do you want a reservation?,0.13609334836819856,0.21226921435864168,0.4067060623083557,0.20062654292567875,0.33571201866400663,5
do you want a room there?,0.05758474179866625,0.139018545705982,0.35753880266075383,0.10256410256410255,0.2633037694013304,2
do you want any other information?,0.0513257583312071,0.1922226325798623,0.303030303030303,0.0625,0.1818181818181818,1
do you want me to book it for you?,0.7712838414761662,0.5253037130854031,0.888888888888889,0.8372093023255814,0.888888888888889,1
do you want me to check their availability?,0.1544875930961673,0.2628022920157384,0.45,0.2105263157894736,0.4000000000000001,1
do you want me to find another restaurant for you?,0.2115747413933927,0.2496688792663783,0.5,0.2857142857142857,0.5,1
do you want me to find any more information or are you ready to book a room?,0.0627927262098244,0.2296332483985789,0.4347826086956521,0.1363636363636363,0.3478260869565217,1
do you want me to make you a reservation?,0.0930393474637721,0.1541718320610429,0.34265010351966874,0.1477272727272727,0.25362318840579706,2
do you want more information?,0.031766054985907,0.1070759720937937,0.2264150943396226,0.0392156862745098,0.1886792452830188,1
do you want to book a reservation or do you need more information?,0.0739298390354031,0.1689225075380277,0.3636363636363636,0.1428571428571428,0.3181818181818182,1
do you want to book a reservation there?,0.07244080053941063,0.20791245585475265,0.4381776360499764,0.15710594315245474,0.34754720871742145,4
do you want to book a room at one of them?,0.0352082905427421,0.0754668371634675,0.1632653061224489,0.0425531914893617,0.1632653061224489,1
do you want to book a room there?,0.14425965724949028,0.24736915718168867,0.4678751303173135,0.23505866498522554,0.40641763211605947,5
do you want to book a room?,0.5010940465928306,0.3150608644696086,0.6666666666666666,0.5116279069767442,0.6666666666666666,1
do you want to book a table now?,0.1591874652417867,0.1974239345531989,0.3999999999999999,0.1860465116279069,0.3555555555555555,1
do you want to book it anyways?,0.1581295613770127,0.1712117273479457,0.4489795918367347,0.2127659574468085,0.4081632653061224,1
do you want to book it?,0.13229009692421315,0.18445918574978795,0.34379084967320256,0.1865211200759373,0.34379084967320256,2
do you want to call ahead to check?,0.0703531931622933,0.2283757736316753,0.44,0.125,0.36,1
do you want to change your reservation?,0.0884099400153004,0.220191173981884,0.3076923076923076,0.08,0.3076923076923076,1
do you want to go ahead and book a room there?,0.3151946408134188,0.3133430565276552,0.6046511627906977,0.3902439024390244,0.6046511627906977,1
do you want to know anything else or make a reservation?,0.1475256903804987,0.1974363569048629,0.3478260869565217,0.2272727272727272,0.3478260869565217,1
do you want to know anything else?,0.2322509475976108,0.2356579487319381,0.4363342681445587,0.2924510528527745,0.4111770354401562,3
do you want to look elsewhere or is that ok?,0.0234972159310883,0.1520837642167994,0.2608695652173913,0.0,0.217391304347826,1
do you want to look elsewhere?,0.1118829459896078,0.1899957175998808,0.3999999999999999,0.1395348837209302,0.3111111111111111,1
do you want to look somewhere else?,0.0402937017680636,0.14585534346936763,0.292883587001234,0.052578616352201235,0.20263723204899672,3
do you want to make a reservation anyway?,0.0640227418473287,0.1626643544050668,0.3103448275862069,0.1071428571428571,0.2758620689655172,1
do you want to make a reservation now?,0.2618636976441756,0.3090096540706378,0.6938775510204083,0.425531914893617,0.6122448979591836,1
do you want to make a reservation or do you need to know anything else ?,0.1164026352245615,0.1826062026171362,0.3999999999999999,0.1395348837209302,0.3999999999999999,1
do you want to make a reservation still?,0.0364443907783128,0.0843331667052095,0.2641509433962264,0.0392156862745098,0.1886792452830188,1
do you want to make a reservation there or do you have more questions?,0.0791554780060171,0.2087925039903173,0.4680851063829787,0.0888888888888888,0.1702127659574468,1
do you want to make a reservation there today?,0.0498468882449616,0.167154319462027,0.2777777777777777,0.0588235294117647,0.2777777777777777,1
do you want to make a reservation there?,0.1363654280024293,0.23974298040949668,0.3934401968481594,0.19945840263480646,0.34370440088044907,7
do you want to make a reservation?,0.07773162734694286,0.201329663848759,0.3725693973229468,0.13447184689727915,0.307638150240764,20
do you want to reserve your room?,0.3390629670707257,0.2615835246431354,0.6222222222222223,0.3720930232558139,0.5777777777777778,1
do you want to stay there?,0.1552847665294621,0.22978451197442085,0.4347610237434474,0.23430379375146812,0.3936499126323363,4
does that help you to make a choice?,0.0209293736351962,0.1374806123292278,0.2857142857142857,0.0,0.2040816326530612,1
does that help?,0.0936173146205714,0.253893200683836,0.4912280701754386,0.3272727272727272,0.456140350877193,1
does that sound good enough?,0.0402283947684148,0.1387834637544674,0.4285714285714286,0.05,0.3333333333333333,1
does that sound good to you?,0.0211663435124936,0.0982430950810196,0.3,0.0,0.2,1
"guests say it is really fast, will that work for you?",0.0431290301964288,0.1439466260586926,0.3255813953488372,0.0975609756097561,0.2790697674418604,1
"i can request one of the larger rooms for you, or shall i search for another option?",0.0175774593565548,0.06963249516441,0.1886792452830188,0.0392156862745098,0.1509433962264151,1
is here anything else you'd like to know about them?,0.0938941935253665,0.2240791026891042,0.5333333333333333,0.1724137931034482,0.4333333333333333,1
is that good enough?,0.0654186894175443,0.195056160418995,0.4081632653061224,0.1276595744680851,0.2448979591836734,1
is that good for you?,0.017574239156849,0.1218255376188936,0.2272727272727272,0.0952380952380952,0.2272727272727272,1
is their anything else i can help with?,0.0365294577253626,0.1116911459422591,0.2222222222222222,0.0465116279069767,0.1777777777777777,1
is there another option that's important to you?,0.0164012080140888,0.0635199966314572,0.0975609756097561,0.0,0.0975609756097561,1
is there another room preference that you have in order to narrow down your choices?,0.0194304365018512,0.0811080643306321,0.1785714285714285,0.037037037037037,0.1428571428571428,1
is there any more information i can find for you?,0.1025395408699875,0.1730493266710198,0.2857142857142857,0.1702127659574468,0.2857142857142857,1
is there any more information i could find for you?,0.0485897193164297,0.1798568927017736,0.2916666666666667,0.1304347826086956,0.1666666666666666,1
is there any other information i can find for you?,0.17347630960868154,0.21137068953779037,0.488095238095238,0.27391304347826084,0.4196428571428571,2
is there any other information that you need?,0.0345657876928371,0.13662643683651166,0.2184684684684684,0.0571428571428571,0.1366366366366366,2
is there any other information you need me to provide for you today?,0.0225739430924201,0.1648731113232367,0.2916666666666667,0.0,0.1666666666666666,1
is there anything else i can assist you with?,0.041411413304848,0.1195087938258628,0.1538461538461538,0.0,0.1025641025641025,1
is there anything else i can help you with today?,0.08157238733412994,0.19313549521355727,0.4326364692218351,0.12692307692307692,0.31242740998838553,2
is there anything else i can help you with?,0.05647248059248041,0.1414819158379853,0.2748574230528884,0.0816739111545328,0.1904764263586342,13
is there anything else that i can do for you at this time?,0.0333202467316155,0.1002012757495151,0.2222222222222222,0.0930232558139535,0.1333333333333333,1
is there anything else that i can do for you?,0.03778808168396185,0.1344619271454853,0.401909150757077,0.05460992907801415,0.23107307439104674,2
is there anything else that i can help you with?,0.041411413304848,0.1238305422697863,0.2439024390243902,0.0512820512820512,0.1951219512195122,1
is there anything else that you need to know?,0.06933745495963575,0.14347194741130465,0.32393617021276594,0.09298245614035085,0.27393617021276595,2
is there anything else you need to know about it?,0.0764594939947726,0.1700823373289933,0.35,0.1578947368421052,0.35,1
is there anything else you need to know about the restaurant?,0.0300112840616437,0.1044511530439155,0.2807017543859649,0.0727272727272727,0.2105263157894736,1
is there anything else you need to know?,0.042548137116642265,0.14072451204203573,0.2847879676229976,0.07336347975882858,0.25397076010414515,12
is there anything else you would like to know?,0.08404910341021185,0.17691341694240653,0.37170577960051643,0.11580188679245282,0.3090529353687248,4
is there anything else you'd like to know about either of them?,0.0303498017256788,0.0970936750959429,0.3076923076923076,0.0634920634920634,0.1846153846153845,1
is there anything else you'd like to know about la mimosa?,0.2820004915753773,0.2751071438880072,0.4545454545454545,0.2857142857142857,0.4090909090909091,1
is there anything else you'd like to know about them?,0.10169491053745601,0.2134376919706884,0.39580021810844385,0.17128239768242978,0.37019533203844146,6
is there anything else you'd like to know anything else about them?,0.0328531778198413,0.1064311291506424,0.2545454545454545,0.0,0.2181818181818181,1
is there anything else you'd like to know?,0.0425103203433368,0.17888863440344638,0.39633173843700154,0.08007756132756126,0.2955874534821903,3
is there anything else you're looking for in a restaurant?,0.035148478313698,0.1121518881799441,0.2978723404255319,0.0444444444444444,0.1702127659574468,1
is there something else you'd like to know about the acorn?,0.0513015350624984,0.143082306707013,0.3,0.1034482758620689,0.2333333333333333,1
it's possible that they have different sized room available would you like for me to try to get more information about that?,0.012247532571592,0.1195434904450474,0.2666666666666666,0.0689655172413793,0.1666666666666666,1
perhaps i should search for something with rooms on the larger side for you?,0.0388981854547484,0.1674487836698874,0.375,0.1304347826086956,0.2916666666666667,1
ready to book?,0.0609585847777682,0.1418084153931919,0.2564102564102564,0.054054054054054,0.1538461538461538,1
shall a book a table for you?,0.027162118995714,0.1059536240689665,0.1666666666666666,0.0,0.1666666666666666,1
shall a book it for you?,0.1493763860292791,0.1864252627623815,0.3720930232558139,0.1951219512195122,0.3720930232558139,1
shall i book a room for you?,0.0896862205196391,0.22108277855183,0.4761904761904761,0.15,0.4285714285714286,1
shall i book it for you?,0.0727561910259491,0.17347092113808393,0.29670329670329665,0.09,0.21520146520146516,2
shall i look for something else instead?,0.0133898124727442,0.0938786933928622,0.1052631578947368,0.0,0.0701754385964912,1
shall i make you a reservation?,0.661752015273917,0.4563414606144725,0.8205128205128205,0.7567567567567567,0.8205128205128205,1
shall i request a view table with your reservation?,0.0204396260605041,0.1049207416615872,0.1363636363636363,0.0,0.1363636363636363,1
shall i search for a better option for you?,0.024553580247238,0.1359388899061973,0.238095238095238,0.0,0.1428571428571428,1
shall we book you?,0.035108151576587,0.1013313292810811,0.3333333333333333,0.0,0.3333333333333333,1
shall we look at the other guesthouse option?,0.0361641172461951,0.1068483581159629,0.2962962962962963,0.0,0.1111111111111111,1
should i book a table for you?,0.0540650266897958,0.1717491180276977,0.3157894736842105,0.1111111111111111,0.2105263157894736,1
should i book bloomsbury?,0.0867510786504774,0.171080976159127,0.3076923076923076,0.2162162162162162,0.2564102564102564,1
should i book it for you?,0.0509875900857274,0.1456113354060382,0.29891304347826075,0.08893280632411066,0.19112318840579706,2
should i book that reservation?,0.076687023747255,0.1795223855377505,0.263157894736842,0.1111111111111111,0.263157894736842,1
should i book the cambridge belfry?,0.1411008926897626,0.1985121648661944,0.5333333333333333,0.3720930232558139,0.2666666666666666,1
should i book you a room at hobsons house for your cambridge visit?,0.039326110904151,0.1244701395033492,0.3043478260869565,0.0454545454545454,0.1739130434782608,1
should i book you a table?,0.0470524497897581,0.1141310442570066,0.2564102564102564,0.054054054054054,0.2051282051282051,1
should i check on room availability for you?,0.0877879899357598,0.1949568340113976,0.3684210526315788,0.0555555555555555,0.2631578947368421,1
should i check to see if they have rooms available?,0.0204396260605041,0.0968589088207094,0.2272727272727272,0.0,0.1363636363636363,1
should i go ahead and make a  reservation?,0.0295616451243896,0.0885077245263865,0.2448979591836734,0.0425531914893617,0.1632653061224489,1
should i keep looking for something with better reviews?,0.0217205455170962,0.1586054700067982,0.3255813953488372,0.0,0.1395348837209302,1
should i look for a quieter location for you?,0.0153937302528116,0.0721811553707242,0.0799999999999999,0.0,0.0799999999999999,1
should i look for something else?,0.0311488745801567,0.0794768889744329,0.12,0.0,0.08,1
should i make a reservation for you?,0.15558821788065605,0.23431073066196506,0.4322178105501985,0.22951844903064408,0.38570618264322176,2
should i make a reservation?,0.0167942568474855,0.0866590163196839,0.1132075471698113,0.0392156862745098,0.1132075471698113,1
should i reserve it for you?,0.1041993719997262,0.1457115213332863,0.2553191489361702,0.0888888888888888,0.2553191489361702,1
should i try to book a reservation?,0.0415123774265,0.0967399172047085,0.2,0.0526315789473684,0.2,1
should we book it?,0.0431290301964288,0.1374570009572195,0.238095238095238,0.05,0.238095238095238,1
should we book the room?,0.0231458660056026,0.1515679510175296,0.2857142857142857,0.0851063829787234,0.2448979591836734,1
sound good to you?,0.11964362178467185,0.16310972335961144,0.3839227395357811,0.12539150904540244,0.29825433424602565,10
sound good?,0.8217335000553636,0.5499320255314258,0.8780487804878048,0.8717948717948718,0.8780487804878048,1
"sounds enticing, right?",0.0337107738265425,0.0839680453205799,0.2916666666666667,0.0,0.0833333333333333,1
"sounds good, right?",0.0255142294000138,0.10627331092251503,0.3235854479756919,0.0496919101570264,0.20227478032356075,3
still interested?,0.096150940039193,0.1349621648499002,0.2439024390243902,0.1538461538461538,0.1951219512195121,1
"this is probably not a great choice, let's find something else, shall we?",0.0127440395057501,0.0908359253719539,0.0923076923076923,0.0,0.0923076923076923,1
want me to book you a room?,0.1187946673780931,0.2554566595248467,0.5,0.238095238095238,0.4545454545454545,1
want me to make you a reservation there?,0.0207527386570564,0.1779892729836967,0.3414634146341463,0.0512820512820512,0.2439024390243902,1
want to book a room now?,0.0216713201683718,0.132452064641482,0.2631578947368421,0.1111111111111111,0.2105263157894737,1
want to book a room there?,0.0892681770708056,0.2613313179443342,0.4444444444444444,0.1764705882352941,0.3888888888888889,1
want to book a room?,0.1406042092937708,0.23503006119161274,0.4831442616751749,0.27036634738817017,0.43436377387029684,3
want to book it or do you want more information?,0.0417988204921685,0.21194909599296,0.4705882352941176,0.1224489795918367,0.3529411764705882,1
want to book it?,0.10156468073636062,0.22424557808337886,0.4228252983541257,0.21147222716990155,0.38244929058402294,6
want to change your reservation?,0.0904356577965533,0.1705458018239096,0.4545454545454545,0.1428571428571428,0.2727272727272727,1
want to know anything else?,0.062707245714656,0.21641745786989564,0.44795127353266884,0.2219512195121951,0.40033222591362116,2
want to make a booking?,0.15839012456075635,0.2771240128518424,0.5252945252945254,0.3034749034749034,0.4712404712404712,2
want to make a reservation?,0.15313738572623853,0.27980303659967326,0.49698946719249565,0.2565656565656565,0.397081974130516,3
was there anything else?,0.4228047675456572,0.3736162662299856,0.5853658536585366,0.5128205128205129,0.5853658536585366,1
what days are you interested in staying there?,0.152684708487811,0.258320825919659,0.4285714285714285,0.25,0.380952380952381,1
what days are you looking to stay there?,0.0285037394312335,0.1309940588480757,0.2777777777777778,0.0,0.1666666666666666,1
what else would you like to know about avalon?,0.1228594607470566,0.2901292762315573,0.5945945945945946,0.2285714285714285,0.4864864864864864,1
what is the size you require?,0.0761223519170024,0.2550317930708747,0.4489795918367347,0.1702127659574468,0.3673469387755101,1
what is your price point?,0.0297766530717898,0.1729236127824208,0.1923076923076923,0.04,0.1153846153846153,1
what other information can i get for you?,0.2002666175261151,0.2337089270220911,0.4651162790697674,0.1951219512195122,0.4186046511627907,1
when would you like to stay?,0.0234239693112637,0.1605647397410216,0.3181818181818182,0.0476190476190476,0.1818181818181818,1
which location would you prefer?,0.0339415979504369,0.1543343608922518,0.4444444444444445,0.0983606557377049,0.3174603174603174,1
"which type of view are you looking for, ocean, sunset, or something else?",0.0182680755836395,0.1381849598258884,0.28,0.0,0.24,1
will either of those work for you?,0.0506621721816019,0.1978354041278845,0.3265306122448979,0.1276595744680851,0.3265306122448979,1
will that work for you or should i find another option?,0.0250208768449127,0.1408431902818844,0.3043478260869565,0.0,0.1739130434782608,1
will that work for you or would you like to find an option with bigger rooms?,0.0661383713703412,0.1544377801511271,0.2978723404255319,0.0888888888888888,0.2127659574468085,1
"will that work for you, or should i search for another restaurant option?",0.0157904602124185,0.1207959655151088,0.196078431372549,0.0,0.1176470588235294,1
will that work for you?,0.06342129167854904,0.20176338753740886,0.4027709054923305,0.09322493224932245,0.24195942602671938,2
"will that work, or should i look for something better?",0.0216713201683718,0.1092826666264941,0.1951219512195122,0.0512820512820512,0.1463414634146341,1
will this fit your needs?,0.2108445456905128,0.1925148155790469,0.3,0.2631578947368421,0.3,1
would like me to book a table for you or do you need more information?,0.1075935380403129,0.2031877628234754,0.3333333333333333,0.1034482758620689,0.3,1
would would you like me to find another place in the centre area?,0.0355803188908224,0.1068906429193133,0.2592592592592593,0.0769230769230769,0.1481481481481481,1
would you be interested in booking a room?,0.377853736443331,0.3503304949258141,0.6666666666666666,0.509090909090909,0.6666666666666666,1
would you be interested in booking a table?,0.0232727699377614,0.1038648525759854,0.3555555555555555,0.0,0.2222222222222222,1
would you be interested in making a reservation at this location?,0.067953846078322,0.1604575092374695,0.4347826086956521,0.1818181818181818,0.391304347826087,1
would you care to make a reservation?,0.0633643403482956,0.1384547014140202,0.3461538461538461,0.08,0.2692307692307692,1
would you like a reservation now?,0.0380264051230008,0.1555205797391754,0.32,0.0833333333333333,0.24,1
would you like a reservation?,0.2176156329949422,0.27195133975575936,0.49619676572179783,0.3060285514899168,0.4347613590232332,5
would you like a room there?,0.0191926502280569,0.150512059793025,0.2916666666666667,0.1739130434782608,0.2916666666666667,1
would you like any more information about it?,0.1811525997493876,0.2610715129726797,0.441374269005848,0.24777523518942282,0.3932748538011696,3
would you like any other information?,0.0310398499607714,0.1762762014221932,0.3043478260869565,0.0909090909090909,0.1739130434782608,1
would you like be to book it for you?,0.1129571454395391,0.1907258063437621,0.3555555555555555,0.1395348837209302,0.2666666666666666,1
would you like for me to book you?,0.0361785422742302,0.1270576512956486,0.2553191489361702,0.0,0.2553191489361702,1
would you like help booking it?,0.1121333682239084,0.1329339100933725,0.4285714285714285,0.0999999999999999,0.2857142857142857,1
would you like help in booked a stay?,0.1755381218354859,0.2993823552005061,0.5263157894736842,0.3333333333333333,0.5263157894736842,1
would you like me to book a reservation?,0.1736086198203101,0.225030844128652,0.4363636363636363,0.2264150943396226,0.3272727272727272,1
would you like me to book a room for you?,0.16573549755738703,0.20009517272382887,0.38732471876676683,0.21936276353772544,0.3512104372417023,13
would you like me to book a room for your party?,0.4657108976767077,0.3717725467374672,0.6829268292682926,0.5641025641025641,0.6829268292682926,1
would you like me to book a room?,0.04958561008051335,0.12733963910469454,0.24300111982082867,0.0545454545454545,0.18663680477790215,2
would you like me to book a stay for you?,0.0226545974164583,0.1014244131360672,0.2666666666666666,0.0,0.1333333333333333,1
would you like me to book a table for you at la margherita?,0.0973560405691703,0.1477714958456085,0.3999999999999999,0.1379310344827586,0.2666666666666666,1
would you like me to book a table for you at panahar?,0.0966888154016037,0.1953228506202718,0.36,0.125,0.28,1
would you like me to book a table for you?,0.24583623695911216,0.1996072230367594,0.43238138148546074,0.2459825324645498,0.4017259903649533,3
would you like me to book it for you?,0.2294196035910998,0.2522884345766876,0.47635275098157004,0.27595398072602983,0.4297161495218465,11
would you like me to book it?,0.2723588740485664,0.26829001585114465,0.557721256657025,0.3964478561924888,0.5187492622109795,5
would you like me to book that for you?,0.08166363053347471,0.15478976745325485,0.3928386092371562,0.17606837606837605,0.32900882200311365,2
would you like me to book the room?,0.1529555933752883,0.2192384109637448,0.4081632653061224,0.1702127659574468,0.3673469387755102,1
would you like me to book you a room?,0.23483438410873644,0.2519009183965349,0.5063660829582072,0.31227850740045854,0.4496284943057249,3
would you like me to book you a table?,0.0758972386124972,0.15964821599599743,0.3555555555555556,0.1052631578947368,0.24166666666666664,2
would you like me to book your reservation?,0.3559739463323481,0.3374451212799339,0.6341463414634148,0.4102564102564102,0.5853658536585366,1
would you like me to cancel that booking and look for a quieter option?,0.0217205455170962,0.1409255746630139,0.2692307692307692,0.0,0.1538461538461538,1
would you like me to cancel the reservation or are you still interested?,0.0834588329968207,0.1271277721317293,0.2962962962962963,0.0769230769230769,0.1851851851851851,1
would you like me to check availability at the allenbell?,0.225236975945387,0.3049385756323906,0.5714285714285715,0.3999999999999999,0.4761904761904761,1
would you like me to check availability there?,0.0610983374073894,0.1295375354636815,0.2857142857142857,0.15,0.2857142857142857,1
would you like me to check into some other places?,0.0114541792528742,0.0480015743373557,0.0909090909090909,0.0,0.0909090909090909,1
would you like me to check on availability for the days you're travelling?,0.1073649302627704,0.0841086696057843,0.3414634146341463,0.1025641025641025,0.2439024390243902,1
would you like me to check on availability for your travel dates?,0.1208832476840295,0.1563241634397941,0.3255813953488372,0.1463414634146341,0.3255813953488372,1
would you like me to check on room availability for you?,0.0665857940438041,0.1155574557899541,0.25,0.1052631578947368,0.2,1
would you like me to check on their availability?,0.0430384626658908,0.188002935554616,0.25,0.1052631578947368,0.25,1
would you like me to check out another place?,0.1326253561723352,0.205267031526182,0.3278688524590163,0.2033898305084745,0.3278688524590163,1
would you like me to check out some other places with better ratings?,0.1243496768638197,0.1870440203480187,0.4411764705882353,0.2727272727272727,0.4117647058823528,1
would you like me to check out some other places?,0.2014781839809286,0.2011540450741273,0.5,0.3103448275862068,0.4,1
would you like me to check the availability for you?,0.0913389035517818,0.2484471734080877,0.4615384615384615,0.1621621621621621,0.2564102564102564,1
would you like me to find a comparable place with more options?,0.2128170138071292,0.2141216877880958,0.4166666666666666,0.2608695652173913,0.3749999999999999,1
would you like me to find a different place with better reviews?,0.0933771807250888,0.1636839257567639,0.3661971830985916,0.144927536231884,0.3098591549295775,1
would you like me to find a less popular/traveled place?,0.0236448122170507,0.1348638375570407,0.3661971830985916,0.0869565217391304,0.2816901408450704,1
would you like me to find a more quiet place?,0.0128281470531456,0.0954339358460929,0.3174603174603175,0.0,0.1587301587301587,1
would you like me to find a place known for a good atmosphere?,0.0321252653787267,0.0891809292833315,0.16,0.0,0.08,1
would you like me to find a place that does have a great view of the surrounding city?,0.1402997183199736,0.1242039570148934,0.4516129032258064,0.2,0.3548387096774194,1
would you like me to find a place with a better location?,0.178455528876017,0.179770845089744,0.5454545454545454,0.2264150943396226,0.4363636363636364,1
would you like me to find a place with better reviews?,0.0616018275466016,0.1624279426523341,0.3793103448275862,0.1785714285714285,0.3103448275862069,1
would you like me to find a place with lower prices?,0.1431712315455506,0.2025267488779229,0.3773584905660377,0.196078431372549,0.3396226415094339,1
would you like me to find a place with more positive ratings?,0.2413233299884313,0.2894240914529432,0.5818181818181818,0.3773584905660377,0.5454545454545454,1
would you like me to find another option?,0.041411413304848,0.079913854842545,0.1904761904761904,0.05,0.1904761904761904,1
would you like me to find another place for you?,0.221007346251013,0.2590673921035558,0.4819277108433735,0.2716049382716049,0.4096385542168674,1
would you like me to find another place with a good view?,0.1313277180756786,0.1492218517400294,0.4838709677419355,0.2333333333333333,0.4193548387096774,1
would you like me to find another place with better ratings in that area?,0.1484093773315941,0.117498007467968,0.2758620689655172,0.1785714285714285,0.2758620689655172,1
would you like me to find another place with better ratings?,0.1526770627758439,0.2219817741154681,0.5432098765432098,0.2025316455696202,0.3209876543209876,1
would you like me to find another place with better reviews on quietness?,0.0831256573524972,0.1542174959911409,0.3174603174603175,0.0655737704918032,0.2222222222222222,1
would you like me to find another place?,0.1140771080746051,0.1953882212798352,0.3529411764705882,0.0816326530612244,0.3137254901960784,1
would you like me to find another restaurant other than the anatolia?,0.0861116127961384,0.1179052912551651,0.2413793103448276,0.0714285714285714,0.1724137931034482,1
would you like me to find another restaurant that has heartier portions of food?,0.0196751407085822,0.0906374772266523,0.2985074626865671,0.0615384615384615,0.1791044776119403,1
would you like me to look for another option in the same area?,0.0291627432058118,0.164635058206833,0.3137254901960784,0.1632653061224489,0.196078431372549,1
would you like me to look for another option?,0.1029823276006241,0.187256462117134,0.4999999999999999,0.217391304347826,0.3333333333333333,1
would you like me to make a booking for you?,0.08380486919336905,0.1821039755870949,0.34412580943570764,0.11262626262626255,0.23681776133209992,2
would you like me to make a booking?,0.0546333611468924,0.1975368987304882,0.3414634146341463,0.0512820512820512,0.2439024390243902,1
would you like me to make a reservation and ask that they reserve a table with a good view at either place?,0.0445040704836872,0.1172557018554465,0.3076923076923076,0.0952380952380952,0.1846153846153846,1
would you like me to make a reservation for you at efes?,0.0380235102261166,0.1353231134088375,0.2608695652173913,0.0454545454545454,0.1739130434782608,1
would you like me to make a reservation for you?,0.0785261956837373,0.19011003064444898,0.3159008632692843,0.11620859760394642,0.2501253132832079,3
would you like me to make a view room reservation for you?,0.2800829413857146,0.3206345348478162,0.5777777777777778,0.2790697674418604,0.5333333333333333,1
would you like me to quote specific reviews?,0.220775106539787,0.120384698821041,0.4285714285714286,0.2,0.380952380952381,1
would you like me to reserve a room at the hotel for you?,0.1730717765578658,0.2083640437267169,0.3720930232558139,0.1951219512195122,0.3255813953488372,1
would you like me to reserve a room for you there?,0.0333276275456539,0.140703401824232,0.2986257928118393,0.09639953542392565,0.18393234672304434,2
would you like me to reserve a room for you?,0.03445272762023345,0.17643008695845053,0.3526383526383526,0.10357142857142855,0.2541827541827541,2
would you like me to reserve a table for you there?,0.0614349801048391,0.1256973885617937,0.2916666666666667,0.0869565217391304,0.2499999999999999,1
would you like me to reserve a table for you?,0.0951014259861881,0.0812023994152291,0.3333333333333333,0.0869565217391304,0.2499999999999999,1
would you like me to search for a different option?,0.0770753248875538,0.2027365505280628,0.3902439024390244,0.1538461538461538,0.2439024390243902,1
would you like me to search for something else?,0.1197716575031085,0.0907685818569739,0.2222222222222222,0.1176470588235294,0.2222222222222222,1
would you like me to see if a room with a view is available right now?,0.0373874264519156,0.1243384380334789,0.3265306122448979,0.0851063829787234,0.2040816326530612,1
would you like me to see if i can find out more information on the portion sizes?,0.1204339675868802,0.1836633198157593,0.3943661971830985,0.2028985507246377,0.3380281690140845,1
would you like me to see if there's a larger room available?,0.0161715922299614,0.0899423289954561,0.2318840579710144,0.0597014925373134,0.2318840579710144,1
would you like me to see if they have a larger room available?,0.0295086923702551,0.14158979978989505,0.3041474654377879,0.06666666666666665,0.21582181259600614,2
would you like me to see if they have larger rooms available?,0.2050651441691591,0.225153037824589,0.4074074074074074,0.2307692307692307,0.3703703703703703,1
would you like me to still book a room for you?,0.0330562150550783,0.0956138485754933,0.2962962962962963,0.0384615384615384,0.2222222222222222,1
would you like me to try to make a reservation?,0.3229592458366746,0.3449245842382519,0.6666666666666666,0.5,0.619047619047619,1
would you like more information about graffiti?,0.1481718152556335,0.3414065474810975,0.5238095238095238,0.3,0.5238095238095238,1
would you like more information about the copper kettle or any of the other restaurants?,0.0412573205602867,0.1175738429887093,0.3214285714285714,0.074074074074074,0.2142857142857142,1
would you like more information about them?,0.1660839071625198,0.3087869137781145,0.5238095238095238,0.25,0.4761904761904762,1
would you like more information about this restaurant?,0.1235857744776915,0.1824659009089374,0.4666666666666667,0.2758620689655172,0.3333333333333333,1
would you like more information on either place?,0.0275889244490824,0.0890408092010602,0.1403508771929824,0.0363636363636363,0.1052631578947368,1
would you like more information on the place?,0.1334088950496264,0.2344796192413045,0.380952380952381,0.2,0.3333333333333333,1
would you like more information or a booking?,0.4779289657345159,0.4634894990781817,0.7692307692307693,0.5405405405405405,0.717948717948718,1
would you like more information?,0.2287838649814505,0.2935358063579683,0.5500000000000002,0.3157894736842105,0.45,1
would you like reservations?,0.2841188924702707,0.3414872505274246,0.5945945945945946,0.2857142857142857,0.4324324324324324,1
would you like some more information about either restaurant?,0.0587340312335596,0.1714752446454358,0.4561403508771929,0.1454545454545454,0.2456140350877193,1
would you like some more information about the curry queen?,0.0729816428020817,0.1732396104812167,0.4285714285714285,0.1219512195121951,0.2619047619047619,1
would you like some more information about them?,0.14536553375565456,0.21862969742054883,0.38543417366946775,0.19080952819554642,0.3456849406429237,3
would you like some more information?,0.1517827874157888,0.1980799962211973,0.380952380952381,0.25,0.380952380952381,1
would you like to book a reservation?,0.23386407335798287,0.30457135107679356,0.5728548424200598,0.34862579281183925,0.543869335173683,3
would you like to book a room at acorn guest house?,0.0863580004721317,0.2268995534404163,0.3846153846153846,0.12,0.1923076923076923,1
would you like to book a room at alexander bed and breakfast?,0.1695455529187574,0.2117165506489528,0.4074074074074074,0.1923076923076923,0.2222222222222222,1
would you like to book a room so you can see the amazing views?,0.0246897833602874,0.0951169681878217,0.358974358974359,0.0,0.2051282051282051,1
would you like to book a room there?,0.07360150775160679,0.17095562098376357,0.3442972275950999,0.14066615814899563,0.28166989039329465,5
would you like to book a room?,0.1313753616293705,0.20500781902634208,0.3836324414068316,0.20318347299375447,0.3188581405044819,8
would you like to book a table at frankie and bennys?,0.0537049895359868,0.139347783699726,0.3636363636363636,0.1904761904761904,0.2727272727272727,1
would you like to book a table now?,0.2629358210882985,0.299227184598333,0.6046511627906977,0.3414634146341463,0.5581395348837208,1
would you like to book a table?,0.13645284935514715,0.21131323988964693,0.4314489928525016,0.2037037037037037,0.33463287849252765,3
would you like to book at alexander bed and breakfast?,0.3233020125989346,0.2815268889007004,0.5777777777777778,0.4186046511627907,0.3999999999999999,1
would you like to book at graffiti?,0.1097793807853672,0.1456905402043824,0.3243243243243243,0.1111111111111111,0.2702702702702702,1
would you like to book at table?,0.2381948610114928,0.2155800232394212,0.4444444444444445,0.2790697674418604,0.3999999999999999,1
would you like to book it anyway?,0.1252058485529567,0.2397036505550377,0.4814814814814815,0.2307692307692307,0.3703703703703703,1
would you like to book it or would you like to learn more?,0.0191017970798662,0.0725416702789324,0.1632653061224489,0.0,0.1224489795918367,1
would you like to book it?,0.09095414774928265,0.2164547508287893,0.4137842117525496,0.1721766927986299,0.3127229675391153,10
would you like to book the hotel?,0.0571716910044041,0.2227032307038944,0.3999999999999999,0.0,0.1999999999999999,1
would you like to book there?,0.1175574320090803,0.1796853836513189,0.2692307692307693,0.16,0.2692307692307693,1
would you like to check out some other places or would you like more information about the lensfield?,0.0117931441372219,0.0766849750864594,0.247191011235955,0.0,0.1573033707865168,1
would you like to explore other options?,0.1236054541021695,0.1373874462975527,0.3076923076923077,0.1269841269841269,0.2461538461538461,1
would you like to explore some other options?,0.044915755686574,0.1536887028953061,0.2608695652173913,0.0909090909090909,0.1739130434782608,1
would you like to find another hotel?,0.1259011831317773,0.1370346693705068,0.3703703703703703,0.1153846153846153,0.2962962962962963,1
would you like to find another restaurant?,0.0166777963334137,0.1050861294448245,0.1923076923076923,0.0,0.1153846153846153,1
would you like to give it a try?,0.08708406607697905,0.16678622995074166,0.28157894736842104,0.08040935672514615,0.28157894736842104,2
would you like to go ahead and book a reservation?,0.0391942242419433,0.1657514570315393,0.2162162162162162,0.0571428571428571,0.2162162162162162,1
would you like to go ahead and make the reservation now?,0.0486878984025869,0.1241906369049886,0.3255813953488372,0.0,0.2790697674418604,1
would you like to know anything else about the bedouin?,0.0527256990901065,0.2045737014066508,0.3414634146341463,0.1538461538461538,0.2926829268292683,1
would you like to know anything else about the hotel or change your reservation?,0.2039269433719589,0.1967183889960169,0.4615384615384615,0.2162162162162162,0.4615384615384615,1
would you like to know anything else about the hotel?,0.0631274857426769,0.2198774628351039,0.45,0.2105263157894736,0.45,1
would you like to know anything else about the place?,0.0394828263893768,0.1268151686250477,0.3728813559322033,0.2105263157894736,0.3389830508474576,1
would you like to know anything else about them?,0.09558789306636187,0.16252817431853456,0.32960217680511306,0.1581286652966226,0.29050847444161826,9
would you like to know anything else?,0.12063000499544285,0.2081719903514108,0.4028133025241549,0.19309269094895917,0.35520051099216726,8
would you like to know more about any of them?,0.06819665719422772,0.1656423258312368,0.35312971342383104,0.1320805385091099,0.25674543321602145,4
would you like to know more about anything of them?,0.0141598353592261,0.0971667431514507,0.2727272727272727,0.03125,0.1818181818181818,1
would you like to know more about ask?,0.2648149270353097,0.2128441752952805,0.5666666666666667,0.3103448275862069,0.3999999999999999,1
would you like to know more about cityroomz?,0.0211160895282217,0.1061611374407582,0.2857142857142857,0.0,0.1904761904761905,1
would you like to know more about da vinci?,0.0575319315417184,0.1198236860527396,0.303030303030303,0.125,0.2424242424242424,1
would you like to know more about either of the places?,0.0131030041162646,0.0987621303239774,0.2777777777777778,0.1142857142857142,0.1944444444444444,1
would you like to know more about either of them?,0.07073157339728517,0.1595747823324135,0.3717021399776239,0.16108565980840073,0.30229959291900654,8
would you like to know more about either place?,0.07424054206115129,0.11691212665958763,0.27119906899958046,0.11544851446592937,0.22716180191883514,6
would you like to know more about grafton?,0.018938869439227,0.1344567442266509,0.2539682539682539,0.0327868852459016,0.1587301587301587,1
would you like to know more about india house?,0.0410805366246126,0.1730783019256805,0.2926829268292683,0.1538461538461538,0.2439024390243902,1
would you like to know more about rosa's?,0.1953717726863026,0.1432119969880813,0.3265306122448979,0.2553191489361702,0.3265306122448979,1
would you like to know more about shiraz?,0.1383457513930282,0.1525578815342369,0.4,0.2083333333333333,0.28,1
would you like to know more about the acorn?,0.07598346094621307,0.19801255498257717,0.41376951881375407,0.2056813243253921,0.39212336362478667,3
would you like to know more about the allenbell?,0.213776212811853,0.22589184529825052,0.510204081632653,0.3026595744680851,0.3979591836734694,2
would you like to know more about the ashley?,0.038336848743488,0.1672855019434162,0.3728813559322034,0.1052631578947368,0.2372881355932203,1
would you like to know more about the avalon?,0.0902823594559653,0.1542812407786159,0.2962962962962963,0.1153846153846153,0.2592592592592592,1
would you like to know more about the cambridge belfry?,0.1808444486570571,0.150370077779083,0.3376623376623376,0.2133333333333333,0.3116883116883117,1
would you like to know more about the golden wok?,0.3349117403884735,0.30172486639601,0.679245283018868,0.4705882352941176,0.679245283018868,1
would you like to know more about the gonville?,0.0742652282396591,0.1438938812910738,0.3749999999999999,0.1290322580645161,0.3125,1
would you like to know more about the lensfield?,0.0225756424745248,0.1145287609396775,0.3661971830985915,0.0869565217391304,0.2816901408450704,1
would you like to know more about the lovell lodge?,0.0437280065664684,0.1283334051634287,0.3333333333333333,0.0869565217391304,0.125,1
would you like to know more about the place?,0.0842668716650625,0.14989512555533382,0.3439911905857603,0.14253853511385786,0.2865579733964455,4
would you like to know more about the restaurant?,0.0992141407358144,0.1523103263957308,0.3157894736842105,0.1818181818181818,0.2807017543859649,1
would you like to know more about their menu?,0.2246388021662615,0.2723428352606112,0.5,0.2592592592592592,0.4642857142857143,1
would you like to know more about them or check out a different place?,0.10779072695076325,0.14287799808402696,0.42378351539225423,0.21833598304186536,0.35973187686196617,2
would you like to know more about them or have me look for another place?,0.10189638503506565,0.18038708855144348,0.3908045977011494,0.16071428571428564,0.3113026819923371,2
would you like to know more about them or have me look into another place?,0.0623063400322179,0.1244586880192779,0.3823529411764706,0.0606060606060606,0.1764705882352941,1
would you like to know more about them or look for another place?,0.10111123935491695,0.1685071818438921,0.3729946524064171,0.15866209262435674,0.3141711229946524,2
would you like to know more about them?,0.15467823197749156,0.1937052625440936,0.39356989324243513,0.19129777253082916,0.33843357109260136,38
would you like to know more?,0.07562180082410251,0.1297181386596489,0.28925816730694776,0.12128205128205127,0.21561094731826436,3
would you like to look at a different location?,0.0949514621025169,0.1359379322923117,0.1428571428571428,0.1111111111111111,0.1428571428571428,1
would you like to look at another location?,0.1437791910008819,0.2346335793945944,0.48,0.1666666666666666,0.4,1
would you like to look at some other places or find out more about hobsons house?,0.0245980464638666,0.1743525783456199,0.360655737704918,0.0677966101694915,0.1639344262295081,1
would you like to look at something else?,0.0216398485970708,0.1685874213262786,0.3181818181818182,0.0476190476190476,0.2272727272727272,1
would you like to look elsewhere?,0.408606673320728,0.3340968422048828,0.7,0.5263157894736842,0.7,1
would you like to look somewhere else?,0.0233402451154762,0.1932474594768166,0.3749999999999999,0.1304347826086956,0.2083333333333333,1
would you like to make a  reservation?,0.0751321923771548,0.1406257320307987,0.3055555555555556,0.0857142857142857,0.25,1
would you like to make a booking elsewhere?,0.033588513694971,0.1265759511893945,0.3103448275862069,0.0357142857142857,0.2068965517241379,1
would you like to make a booking?,0.4651052535355049,0.4501995533983122,0.7441860465116279,0.5853658536585366,0.7441860465116279,1
would you like to make a reservation at the restaurant?,0.1437791910008819,0.228402964829066,0.5333333333333332,0.2325581395348837,0.3999999999999999,1
would you like to make a reservation at this time?,0.0351620782609483,0.0878827833104917,0.2916666666666667,0.0434782608695652,0.2499999999999999,1
would you like to make a reservation now?,0.0764594939947726,0.1821408813289357,0.3157894736842105,0.1111111111111111,0.2631578947368421,1
would you like to make a reservation somewhere else?,0.0857961188779517,0.1839698167606833,0.5283018867924528,0.196078431372549,0.4528301886792453,1
would you like to make a reservation there?,0.15352424171662388,0.19622320180874303,0.39641275546646393,0.21120897986433915,0.36314193989385807,5
would you like to make a reservation?,0.17132164472046407,0.2260039386945439,0.4502489096571796,0.22137774491460133,0.3876093125748916,22
would you like to make the reservation now or do you have more questions?,0.0363597995959396,0.1143965200531244,0.2727272727272727,0.0625,0.2121212121212121,1
would you like to proceed with a booking?,0.0783195770597714,0.2610865233413953,0.4186046511627906,0.2439024390243902,0.4186046511627906,1
would you like to reserve a room?,0.10310120117287094,0.20102898071596675,0.42065217391304344,0.19617224880382775,0.39565217391304347,2
would you like to reserve a table?,0.2917020530085422,0.2934918312777466,0.5945945945945946,0.3999999999999999,0.5405405405405405,1
would you like to stay there?,0.14170228808019072,0.21613982849515004,0.3761989651220669,0.21146947945489447,0.3659948834894139,4
would you like to try either of these places?,0.2642440562519628,0.2580856722844754,0.5454545454545455,0.4285714285714285,0.5454545454545455,1
would you like to try it?,0.0635204708561894,0.2247505052465366,0.3181818181818182,0.1428571428571428,0.3181818181818182,1
"would you like to try one anyway, or should i search for another location?",0.0177262823425755,0.0656902934399751,0.1538461538461538,0.054054054054054,0.1025641025641025,1
would you like to try royal spice instead?,0.0637483262326934,0.1287825687762985,0.2666666666666666,0.1395348837209302,0.2666666666666666,1
would you like to try them?,0.0598434681602705,0.14318233896148858,0.26479729420905884,0.05746509129967773,0.20691073632250098,3
would you me like to book a room for you?,0.0246803012411914,0.1044411712735064,0.2051282051282051,0.0,0.1538461538461538,1
would you still like to stay here?,0.0496597736614117,0.0851631009726622,0.1153846153846153,0.0799999999999999,0.1153846153846153,1
